{
  "dataset": "C-MTEB/DuRetrieval",
  "method": "both",
  "eval_granularity": "chunk",
  "dense_model": "BAAI/bge-base-zh-v1.5",
  "fusion_method": "rrf",
  "rrf_k": 60,
  "rrf_bm25_weight": 1.0,
  "rrf_dense_weight": 1.0,
  "top_k": 10,
  "ks": [
    1,
    3,
    5,
    10
  ],
  "counts": {
    "corpus": 269,
    "queries": 20,
    "qrels_queries": 20,
    "qrels_pairs": 75
  },
  "chunk_eval": {
    "chunk_size": 300,
    "chunk_overlap": 50,
    "chunk_gold_strategy": "best",
    "chunk_gold_per_doc": 1,
    "corpus_docs": 100,
    "corpus_chunks": 269,
    "qrels_pairs_doc_level": 75,
    "qrels_pairs_chunk_level": 75
  },
  "results": {
    "bm25": {
      "metrics": {
        "hit@1": 0.85,
        "recall@1": 0.278333,
        "mrr@1": 0.85,
        "map@1": 0.85,
        "ndcg@1": 0.85,
        "hit@3": 0.85,
        "recall@3": 0.585,
        "mrr@3": 0.85,
        "map@3": 0.741667,
        "ndcg@3": 0.768925,
        "hit@5": 0.85,
        "recall@5": 0.715,
        "mrr@5": 0.85,
        "map@5": 0.732375,
        "ndcg@5": 0.770011,
        "hit@10": 0.85,
        "recall@10": 0.825,
        "mrr@10": 0.85,
        "map@10": 0.760956,
        "ndcg@10": 0.806555
      },
      "cost_seconds": 0.142,
      "tokenizer": "jieba"
    },
    "dense": {
      "metrics": {
        "hit@1": 0.95,
        "recall@1": 0.365833,
        "mrr@1": 0.95,
        "map@1": 0.95,
        "ndcg@1": 0.95,
        "hit@3": 0.95,
        "recall@3": 0.743333,
        "mrr@3": 0.95,
        "map@3": 0.911111,
        "ndcg@3": 0.923464,
        "hit@5": 1.0,
        "recall@5": 0.895833,
        "mrr@5": 0.9625,
        "map@5": 0.894528,
        "ndcg@5": 0.92661,
        "hit@10": 1.0,
        "recall@10": 0.958333,
        "mrr@10": 0.9625,
        "map@10": 0.91253,
        "ndcg@10": 0.943189
      },
      "cost_seconds": 955.893,
      "model": "BAAI/bge-base-zh-v1.5",
      "batch_size": 16,
      "device": null
    },
    "fusion": {
      "metrics": {
        "hit@1": 0.85,
        "recall@1": 0.278333,
        "mrr@1": 0.85,
        "map@1": 0.85,
        "ndcg@1": 0.85,
        "hit@3": 1.0,
        "recall@3": 0.71,
        "mrr@3": 0.916667,
        "map@3": 0.802778,
        "ndcg@3": 0.848936,
        "hit@5": 1.0,
        "recall@5": 0.89,
        "mrr@5": 0.916667,
        "map@5": 0.823333,
        "ndcg@5": 0.87935,
        "hit@10": 1.0,
        "recall@10": 0.9875,
        "mrr@10": 0.916667,
        "map@10": 0.847565,
        "ndcg@10": 0.908545
      },
      "cost_seconds": 0.001,
      "method": "rrf",
      "rrf_k": 60,
      "bm25_weight": 1.0,
      "dense_weight": 1.0
    }
  },
  "cost_seconds_total": 990.818,
  "created_at": "2026-02-23T12:57:25.312988Z"
}