{
  "dataset": "C-MTEB/DuRetrieval",
  "method": "both",
  "eval_granularity": "doc",
  "dense_backend": "sentence_transformers",
  "dense_model": "BAAI/bge-small-zh-v1.5",
  "fusion_method": "rrf",
  "rrf_k": 60,
  "rrf_bm25_weight": 1.0,
  "rrf_dense_weight": 1.0,
  "top_k": 10,
  "ks": [
    1,
    3,
    5,
    10
  ],
  "counts": {
    "corpus": 5000,
    "queries": 100,
    "qrels_queries": 100,
    "qrels_pairs": 425
  },
  "chunk_eval": null,
  "results": {
    "bm25": {
      "metrics": {
        "hit@1": 0.81,
        "recall@1": 0.258444,
        "mrr@1": 0.81,
        "map@1": 0.81,
        "ndcg@1": 0.81,
        "hit@3": 0.86,
        "recall@3": 0.507238,
        "mrr@3": 0.835,
        "map@3": 0.701667,
        "ndcg@3": 0.74021,
        "hit@5": 0.89,
        "recall@5": 0.642508,
        "mrr@5": 0.8425,
        "map@5": 0.673344,
        "ndcg@5": 0.729879,
        "hit@10": 0.9,
        "recall@10": 0.74154,
        "mrr@10": 0.843929,
        "map@10": 0.674076,
        "ndcg@10": 0.740939
      },
      "cost_seconds": 23.741,
      "tokenizer": "jieba"
    },
    "dense": {
      "metrics": {
        "hit@1": 0.93,
        "recall@1": 0.328278,
        "mrr@1": 0.93,
        "map@1": 0.93,
        "ndcg@1": 0.93,
        "hit@3": 0.95,
        "recall@3": 0.672833,
        "mrr@3": 0.938333,
        "map@3": 0.898889,
        "ndcg@3": 0.91205,
        "hit@5": 0.98,
        "recall@5": 0.853889,
        "mrr@5": 0.945833,
        "map@5": 0.897967,
        "ndcg@5": 0.921502,
        "hit@10": 0.99,
        "recall@10": 0.944817,
        "mrr@10": 0.9475,
        "map@10": 0.901931,
        "ndcg@10": 0.92987
      },
      "cost_seconds": 688.717,
      "backend": "sentence_transformers",
      "model": "BAAI/bge-small-zh-v1.5",
      "batch_size": 64,
      "device": null
    },
    "fusion": {
      "metrics": {
        "hit@1": 0.87,
        "recall@1": 0.292444,
        "mrr@1": 0.87,
        "map@1": 0.87,
        "ndcg@1": 0.87,
        "hit@3": 0.94,
        "recall@3": 0.603738,
        "mrr@3": 0.903333,
        "map@3": 0.798056,
        "ndcg@3": 0.833478,
        "hit@5": 0.98,
        "recall@5": 0.795294,
        "mrr@5": 0.912333,
        "map@5": 0.800544,
        "ndcg@5": 0.851984,
        "hit@10": 0.99,
        "recall@10": 0.939984,
        "mrr@10": 0.913583,
        "map@10": 0.82954,
        "ndcg@10": 0.887021
      },
      "cost_seconds": 0.008,
      "method": "rrf",
      "rrf_k": 60,
      "bm25_weight": 1.0,
      "dense_weight": 1.0
    }
  },
  "cost_seconds_total": 756.902,
  "created_at": "2026-02-23T14:08:55.617411Z"
}