{
  "dataset": "C-MTEB/DuRetrieval",
  "method": "both",
  "dense_model": "BAAI/bge-base-zh-v1.5",
  "fusion_method": "rrf",
  "rrf_k": 60,
  "rrf_bm25_weight": 1.0,
  "rrf_dense_weight": 1.0,
  "top_k": 10,
  "ks": [
    1,
    3,
    5,
    10
  ],
  "counts": {
    "corpus": 200,
    "queries": 20,
    "qrels_queries": 20,
    "qrels_pairs": 75
  },
  "results": {
    "bm25": {
      "metrics": {
        "hit@1": 0.85,
        "recall@1": 0.278333,
        "mrr@1": 0.85,
        "map@1": 0.85,
        "ndcg@1": 0.85,
        "hit@3": 0.85,
        "recall@3": 0.585,
        "mrr@3": 0.85,
        "map@3": 0.75,
        "ndcg@3": 0.773047,
        "hit@5": 0.85,
        "recall@5": 0.760833,
        "mrr@5": 0.85,
        "map@5": 0.7775,
        "ndcg@5": 0.802999,
        "hit@10": 0.85,
        "recall@10": 0.8375,
        "mrr@10": 0.85,
        "map@10": 0.790393,
        "ndcg@10": 0.820982
      },
      "cost_seconds": 0.749,
      "tokenizer": "jieba"
    },
    "dense": {
      "metrics": {
        "hit@1": 1.0,
        "recall@1": 0.390833,
        "mrr@1": 1.0,
        "map@1": 1.0,
        "ndcg@1": 1.0,
        "hit@3": 1.0,
        "recall@3": 0.8225,
        "mrr@3": 1.0,
        "map@3": 1.0,
        "ndcg@3": 1.0,
        "hit@5": 1.0,
        "recall@5": 0.954167,
        "mrr@5": 1.0,
        "map@5": 1.0,
        "ndcg@5": 1.0,
        "hit@10": 1.0,
        "recall@10": 0.991667,
        "mrr@10": 1.0,
        "map@10": 1.0,
        "ndcg@10": 1.0
      },
      "cost_seconds": 323.708,
      "model": "BAAI/bge-base-zh-v1.5",
      "batch_size": 32,
      "device": null
    },
    "fusion": {
      "metrics": {
        "hit@1": 0.85,
        "recall@1": 0.278333,
        "mrr@1": 0.85,
        "map@1": 0.85,
        "ndcg@1": 0.85,
        "hit@3": 1.0,
        "recall@3": 0.780833,
        "mrr@3": 0.916667,
        "map@3": 0.877778,
        "ndcg@3": 0.906546,
        "hit@5": 1.0,
        "recall@5": 0.929167,
        "mrr@5": 0.916667,
        "map@5": 0.894444,
        "ndcg@5": 0.922569,
        "hit@10": 1.0,
        "recall@10": 0.991667,
        "mrr@10": 0.916667,
        "map@10": 0.906052,
        "ndcg@10": 0.935233
      },
      "cost_seconds": 0.001,
      "method": "rrf",
      "rrf_k": 60,
      "bm25_weight": 1.0,
      "dense_weight": 1.0
    }
  },
  "cost_seconds_total": 355.641,
  "created_at": "2026-02-23T09:21:43.020906Z"
}