{
  "dataset": "C-MTEB/DuRetrieval",
  "method": "bm25",
  "dense_model": null,
  "top_k": 10,
  "ks": [
    1,
    3,
    5,
    10
  ],
  "counts": {
    "corpus": 2000,
    "queries": 200,
    "qrels_queries": 200,
    "qrels_pairs": 889
  },
  "results": {
    "bm25": {
      "metrics": {
        "hit@1": 0.885,
        "recall@1": 0.285693,
        "mrr@1": 0.885,
        "map@1": 0.885,
        "ndcg@1": 0.885,
        "hit@3": 0.91,
        "recall@3": 0.575685,
        "mrr@3": 0.896667,
        "map@3": 0.784583,
        "ndcg@3": 0.81722,
        "hit@5": 0.92,
        "recall@5": 0.697347,
        "mrr@5": 0.898917,
        "map@5": 0.748158,
        "ndcg@5": 0.796909,
        "hit@10": 0.925,
        "recall@10": 0.795751,
        "mrr@10": 0.899631,
        "map@10": 0.747829,
        "ndcg@10": 0.80727
      },
      "cost_seconds": 2.671,
      "tokenizer": "jieba"
    }
  },
  "cost_seconds_total": 38.482,
  "created_at": "2026-02-23T09:00:20.392654Z"
}