{
  "dataset": "C-MTEB/DuRetrieval",
  "method": "both",
  "dense_model": "BAAI/bge-base-zh-v1.5",
  "fusion_method": "rrf",
  "rrf_k": 60,
  "rrf_bm25_weight": 1.0,
  "rrf_dense_weight": 1.0,
  "top_k": 10,
  "ks": [
    1,
    3,
    5,
    10
  ],
  "counts": {
    "corpus": 2000,
    "queries": 200,
    "qrels_queries": 200,
    "qrels_pairs": 889
  },
  "results": {
    "bm25": {
      "metrics": {
        "hit@1": 0.885,
        "recall@1": 0.285693,
        "mrr@1": 0.885,
        "map@1": 0.885,
        "ndcg@1": 0.885,
        "hit@3": 0.91,
        "recall@3": 0.575685,
        "mrr@3": 0.896667,
        "map@3": 0.784583,
        "ndcg@3": 0.81722,
        "hit@5": 0.92,
        "recall@5": 0.697347,
        "mrr@5": 0.898917,
        "map@5": 0.748158,
        "ndcg@5": 0.796909,
        "hit@10": 0.925,
        "recall@10": 0.795751,
        "mrr@10": 0.899631,
        "map@10": 0.747829,
        "ndcg@10": 0.80727
      },
      "cost_seconds": 2.577,
      "tokenizer": "jieba"
    },
    "dense": {
      "metrics": {
        "hit@1": 0.98,
        "recall@1": 0.348907,
        "mrr@1": 0.98,
        "map@1": 0.98,
        "ndcg@1": 0.98,
        "hit@3": 0.995,
        "recall@3": 0.739554,
        "mrr@3": 0.9875,
        "map@3": 0.976944,
        "ndcg@3": 0.981924,
        "hit@5": 0.995,
        "recall@5": 0.895451,
        "mrr@5": 0.9875,
        "map@5": 0.977383,
        "ndcg@5": 0.982707,
        "hit@10": 0.995,
        "recall@10": 0.96732,
        "mrr@10": 0.9875,
        "map@10": 0.972788,
        "ndcg@10": 0.980706
      },
      "cost_seconds": 626.346,
      "model": "BAAI/bge-base-zh-v1.5",
      "batch_size": 64,
      "device": null
    },
    "fusion": {
      "metrics": {
        "hit@1": 0.93,
        "recall@1": 0.31474,
        "mrr@1": 0.93,
        "map@1": 0.93,
        "ndcg@1": 0.93,
        "hit@3": 0.985,
        "recall@3": 0.701494,
        "mrr@3": 0.954167,
        "map@3": 0.910972,
        "ndcg@3": 0.929905,
        "hit@5": 0.995,
        "recall@5": 0.855478,
        "mrr@5": 0.956667,
        "map@5": 0.896143,
        "ndcg@5": 0.926918,
        "hit@10": 0.995,
        "recall@10": 0.962056,
        "mrr@10": 0.956667,
        "map@10": 0.910874,
        "ndcg@10": 0.944084
      },
      "cost_seconds": 0.015,
      "method": "rrf",
      "rrf_k": 60,
      "bm25_weight": 1.0,
      "dense_weight": 1.0
    }
  },
  "cost_seconds_total": 661.641,
  "created_at": "2026-02-23T09:34:11.273009Z"
}